timestamp,orbit_id,voltage,current,temperature,soc,is_eclipse,anomaly_label,anomaly_type,event_id
0.0,0,4.0547,2.5652,22.23,0.88,0,0,normal,0
1.0,0,4.0314,2.597,21.63,0.8801,0,0,normal,0
2.0,0,4.0731,2.5564,22.03,0.8801,0,0,normal,0
3.0,0,4.104,2.5073,22.29,0.8802,0,0,normal,0
4.0,0,4.1093,2.5533,22.21,0.8802,0,0,normal,0
5.0,0,4.0914,2.507,21.8,0.8803,0,0,normal,0
6.0,0,4.0792,2.5939,22.05,0.8803,0,0,normal,0
7.0,0,4.1126,2.516,22.08,0.8804,0,0,normal,0
8.0,0,4.073,2.5286,22.3,0.8804,0,0,normal,0
9.0,0,4.0914,2.5683,22.29,0.8805,0,0,normal,0
10.0,0,4.0692,2.6571,22.02,0.8805,0,0,normal,0
11.0,0,4.0978,2.5093,22.53,0.8805,0,0,normal,0
12.0,0,4.0607,2.5443,21.96,0.8806,0,0,normal,0
13.0,0,4.0996,2.5825,22.39,0.8806,0,0,normal,0
14.0,0,4.0882,2.5167,22.28,0.8807,0,0,normal,0
15.0,0,4.1183,1.8109,22.33,0.8808,0,0,normal,0
16.0,0,4.0978,1.8339,22.36,0.8808,0,0,normal,0
17.0,0,4.0598,1.8316,22.2,0.8809,0,0,normal,0
18.0,0,4.0814,1.7765,22.23,0.881,0,0,normal,0
19.0,0,4.0739,1.8747,22.62,0.881,0,0,normal,0
20.0,0,4.0904,1.7159,22.39,0.8811,0,0,normal,0
21.0,0,4.1143,1.8293,22.6,0.8812,0,0,normal,0
22.0,0,4.086,1.7826,22.64,0.8812,0,0,normal,0
23.0,0,4.0656,1.7904,22.06,0.8813,0,0,normal,0
24.0,0,4.1107,1.754,22.46,0.8814,0,0,normal,0
25.0,0,4.086,1.8345,22.48,0.8814,0,0,normal,0
26.0,0,4.0891,1.8313,22.58,0.8815,0,0,normal,0
27.0,0,4.0891,1.7669,22.35,0.8816,0,0,normal,0
28.0,0,4.111,1.7402,22.34,0.8816,0,0,normal,0
29.0,0,4.1097,1.8006,22.63,0.8817,0,0,normal,0
30.0,0,4.0946,1.8333,22.39,0.8818,0,0,normal,0
31.0,0,4.0557,1.796,22.1,0.8818,0,0,normal,0
32.0,0,4.0742,1.7339,22.67,0.8819,0,0,normal,0
33.0,0,4.0894,1.7547,22.96,0.882,0,0,normal,0
34.0,0,4.1168,1.7822,22.3,0.882,0,0,normal,0
35.0,0,4.0745,1.7897,22.5,0.8821,0,0,normal,0
36.0,0,4.0541,1.842,22.75,0.8822,0,0,normal,0
37.0,0,4.0831,1.8119,22.2,0.8822,0,0,normal,0
38.0,0,4.0849,1.8036,22.72,0.8823,0,0,normal,0
39.0,0,4.1383,1.8011,22.59,0.8824,0,0,normal,0
40.0,0,4.1039,1.7488,22.75,0.8824,0,0,normal,0
41.0,0,4.118,1.868,22.81,0.8825,0,0,normal,0
42.0,0,4.0673,1.8732,22.52,0.8826,0,0,normal,0
43.0,0,4.0897,1.7537,22.32,0.8826,0,0,normal,0
44.0,0,4.0924,1.8318,22.31,0.8827,0,0,normal,0
45.0,0,4.1075,1.7492,23.02,0.8828,0,0,normal,0
46.0,0,4.1696,1.8998,22.91,0.8828,0,0,normal,0
47.0,0,4.0465,1.7505,22.88,0.8829,0,0,normal,0
48.0,0,4.0893,1.7594,22.63,0.883,0,0,normal,0
49.0,0,4.1257,1.793,22.88,0.883,0,0,normal,0
50.0,0,4.0733,1.7921,22.35,0.8831,0,0,normal,0
51.0,0,4.0982,1.7757,23.4,0.8832,0,0,normal,0
52.0,0,4.1236,1.8065,22.73,0.8832,0,0,normal,0
53.0,0,4.0763,1.7408,22.68,0.8833,0,0,normal,0
54.0,0,4.0766,1.9064,23.17,0.8834,0,0,normal,0
55.0,0,4.1235,1.7549,23.05,0.8834,0,0,normal,0
56.0,0,4.0985,1.7922,22.75,0.8835,0,0,normal,0
57.0,0,4.0876,1.8223,22.6,0.8836,0,0,normal,0
58.0,0,4.1051,1.7361,23.45,0.8836,0,0,normal,0
59.0,0,4.0965,1.808,23.08,0.8837,0,0,normal,0
60.0,0,4.1038,1.8653,22.89,0.8838,0,0,normal,0
61.0,0,4.1093,1.8553,23.49,0.8838,0,0,normal,0
62.0,0,4.069,1.8092,22.63,0.8839,0,0,normal,0
63.0,0,4.1413,1.8825,23.01,0.884,0,0,normal,0
64.0,0,4.1368,1.7808,22.74,0.884,0,0,normal,0
65.0,0,4.117,1.7553,22.97,0.8841,0,0,normal,0
66.0,0,4.096,1.7997,23.21,0.8842,0,0,normal,0
67.0,0,4.101,1.8704,23.32,0.8842,0,0,normal,0
68.0,0,4.101,1.6975,22.89,0.8843,0,0,normal,0
69.0,0,4.0795,1.7391,23.06,0.8844,0,0,normal,0
70.0,0,4.0662,1.8458,23.18,0.8844,0,0,normal,0
71.0,0,4.0927,1.7758,23.49,0.8845,0,0,normal,0
72.0,0,4.1333,1.8269,23.16,0.8846,0,0,normal,0
73.0,0,4.0956,1.7652,23.29,0.8846,0,0,normal,0
74.0,0,4.0733,1.8088,23.26,0.8847,0,0,normal,0
75.0,0,4.1633,1.8114,23.82,0.8848,0,0,normal,0
76.0,0,4.0944,1.7573,22.83,0.8849,0,0,normal,0
77.0,0,4.1092,1.7705,23.65,0.8849,0,0,normal,0
78.0,0,4.0852,1.7635,22.66,0.885,0,0,normal,0
79.0,0,4.0745,1.7919,23.16,0.8851,0,0,normal,0
80.0,0,4.0995,1.7562,22.8,0.8851,0,0,normal,0
81.0,0,4.1557,1.7266,22.96,0.8852,0,0,normal,0
82.0,0,4.1481,1.7452,24.24,0.8853,0,0,normal,0
83.0,0,4.0931,1.7414,23.48,0.8853,0,0,normal,0
84.0,0,4.0748,1.8864,23.32,0.8854,0,0,normal,0
85.0,0,4.1114,1.8389,23.3,0.8855,0,0,normal,0
86.0,0,4.0671,1.7933,23.36,0.8855,0,0,normal,0
87.0,0,4.1075,1.7867,23.28,0.8856,0,0,normal,0
88.0,0,4.1263,1.8236,23.5,0.8857,0,0,normal,0
89.0,0,4.1025,1.8176,23.47,0.8857,0,0,normal,0
90.0,0,4.1103,1.7639,23.46,0.8858,0,0,normal,0
91.0,0,4.1389,1.9047,23.62,0.8859,0,0,normal,0
92.0,0,4.0747,1.7618,23.88,0.8859,0,0,normal,0
93.0,0,4.1136,1.8131,23.01,0.886,0,0,normal,0
94.0,0,4.1123,1.8464,23.22,0.8861,0,0,normal,0
95.0,0,4.109,1.7764,23.58,0.8861,0,0,normal,0
96.0,0,4.0997,1.7854,23.51,0.8862,0,0,normal,0
97.0,0,4.1387,1.8076,22.83,0.8863,0,0,normal,0
98.0,0,4.1068,1.7882,23.7,0.8863,0,0,normal,0
99.0,0,4.0587,1.7814,23.73,0.8864,0,0,normal,0
100.0,0,4.0622,1.8864,23.9,0.8865,0,0,normal,0
101.0,0,4.1011,1.7836,23.34,0.8865,0,0,normal,0
102.0,0,4.1352,1.7833,23.85,0.8866,0,0,normal,0
103.0,0,4.1302,1.8866,23.82,0.8867,0,0,normal,0
104.0,0,4.1118,1.8872,23.96,0.8867,0,0,normal,0
105.0,0,4.1045,1.7852,23.51,0.8868,0,0,normal,0
106.0,0,4.0722,1.8495,23.97,0.8869,0,0,normal,0
107.0,0,4.1322,1.7905,23.98,0.8869,0,0,normal,0
108.0,0,4.1192,1.891,23.3,0.887,0,0,normal,0
109.0,0,4.0736,1.7967,23.63,0.8871,0,0,normal,0
110.0,0,4.1173,1.8756,23.59,0.8871,0,0,normal,0
111.0,0,4.1048,1.7493,23.45,0.8872,0,0,normal,0
112.0,0,4.1115,1.7664,24.18,0.8873,0,0,normal,0
113.0,0,4.0452,1.8304,23.94,0.8873,0,0,normal,0
114.0,0,4.1134,1.8036,24.34,0.8874,0,0,normal,0
115.0,0,4.0905,1.6968,24.05,0.8875,0,0,normal,0
116.0,0,4.1418,1.7209,24.0,0.8876,0,0,normal,0
117.0,0,4.0883,1.8423,24.15,0.8876,0,0,normal,0
118.0,0,4.1082,1.8534,23.99,0.8877,0,0,normal,0
119.0,0,4.0816,1.8135,23.89,0.8878,0,0,normal,0
120.0,0,4.1133,1.7924,24.25,0.8878,0,0,normal,0
121.0,0,4.1016,1.7471,24.41,0.8879,0,0,normal,0
122.0,0,4.0839,1.7628,24.04,0.888,0,0,normal,0
123.0,0,4.1032,1.8422,24.39,0.888,0,0,normal,0
124.0,0,4.124,1.8428,24.18,0.8881,0,0,normal,0
125.0,0,4.0964,1.9164,23.42,0.8882,0,0,normal,0
126.0,0,4.0909,1.8802,24.07,0.8882,0,0,normal,0
127.0,0,4.0627,1.8655,23.68,0.8883,0,0,normal,0
128.0,0,4.0858,1.7199,24.2,0.8884,0,0,normal,0
129.0,0,4.1105,1.8262,23.66,0.8884,0,0,normal,0
130.0,0,4.1079,1.6845,23.96,0.8885,0,0,normal,0
131.0,0,4.1214,1.823,24.16,0.8886,0,0,normal,0
132.0,0,4.1093,1.838,24.29,0.8886,0,0,normal,0
133.0,0,4.1006,1.7648,24.2,0.8887,0,0,normal,0
134.0,0,4.0938,1.841,24.32,0.8888,0,0,normal,0
135.0,0,4.1019,1.7867,24.42,0.8888,0,0,normal,0
136.0,0,4.0742,1.7003,23.74,0.8889,0,0,normal,0
137.0,0,4.0901,1.6833,24.43,0.889,0,0,normal,0
138.0,0,4.11,1.7858,24.54,0.8891,0,0,normal,0
139.0,0,4.1018,1.8664,24.64,0.8891,0,0,normal,0
140.0,0,4.0838,1.8046,24.07,0.8892,0,0,normal,0
141.0,0,4.0842,1.726,24.15,0.8893,0,0,normal,0
142.0,0,4.1472,1.8402,23.86,0.8893,0,0,normal,0
143.0,0,4.0787,1.8196,24.43,0.8894,0,0,normal,0
144.0,0,4.0595,1.7934,24.58,0.8895,0,0,normal,0
145.0,0,4.0925,1.7697,24.0,0.8895,0,0,normal,0
146.0,0,4.1166,1.7673,24.28,0.8896,0,0,normal,0
147.0,0,4.1141,1.8164,24.75,0.8897,0,0,normal,0
148.0,0,4.0688,1.7829,24.68,0.8897,0,0,normal,0
149.0,0,4.1337,1.7834,24.49,0.8898,0,0,normal,0
150.0,0,4.1144,1.7934,24.98,0.8899,0,0,normal,0
151.0,0,4.1053,1.9038,24.46,0.8899,0,0,normal,0
152.0,0,4.0834,1.8538,24.52,0.89,0,0,normal,0
153.0,0,4.1136,1.7987,24.19,0.8901,0,0,normal,0
154.0,0,4.0556,1.7205,24.12,0.8901,0,0,normal,0
155.0,0,4.099,1.7771,25.05,0.8902,0,0,normal,0
156.0,0,4.0808,1.8553,24.58,0.8903,0,0,normal,0
157.0,0,4.0993,1.7796,24.55,0.8903,0,0,normal,0
158.0,0,4.097,1.831,24.83,0.8904,0,0,normal,0
159.0,0,4.1074,1.7429,25.3,0.8905,0,0,normal,0
160.0,0,4.1418,1.8112,24.57,0.8906,0,0,normal,0
161.0,0,4.1042,1.829,24.5,0.8906,0,0,normal,0
162.0,0,4.1179,1.761,24.31,0.8907,0,0,normal,0
163.0,0,4.1328,1.8333,24.69,0.8908,0,0,normal,0
164.0,0,4.1181,1.7857,24.5,0.8908,0,0,normal,0
165.0,0,4.0598,1.8468,24.51,0.8909,0,0,normal,0
166.0,0,4.0712,1.7005,25.03,0.891,0,0,normal,0
167.0,0,4.0878,1.8448,24.19,0.891,0,0,normal,0
168.0,0,4.0961,1.6518,25.38,0.8911,0,0,normal,0
169.0,0,4.0924,1.8217,24.81,0.8912,0,0,normal,0
170.0,0,4.101,1.722,24.71,0.8912,0,0,normal,0
171.0,0,4.1268,1.7957,24.8,0.8913,0,0,normal,0
172.0,0,4.0891,1.8334,24.98,0.8914,0,0,normal,0
173.0,0,4.0812,1.8814,24.46,0.8914,0,0,normal,0
174.0,0,4.101,1.8668,25.16,0.8915,0,0,normal,0
175.0,0,4.144,1.7779,24.79,0.8916,0,0,normal,0
176.0,0,4.1461,1.8129,24.66,0.8917,0,0,normal,0
177.0,0,4.097,1.7529,24.91,0.8917,0,0,normal,0
178.0,0,4.1249,1.7217,24.63,0.8918,0,0,normal,0
179.0,0,4.0464,1.8574,24.57,0.8919,0,0,normal,0
180.0,0,4.0885,1.7157,24.9,0.8919,0,0,normal,0
181.0,0,4.1014,1.791,24.79,0.892,0,0,normal,0
182.0,0,4.0822,1.8102,25.06,0.8921,0,0,normal,0
183.0,0,4.1167,1.8331,25.03,0.8921,0,0,normal,0
184.0,0,4.1583,1.8148,24.85,0.8922,0,0,normal,0
185.0,0,4.0893,1.7846,24.58,0.8923,0,0,normal,0
186.0,0,4.0869,1.7378,24.88,0.8923,0,0,normal,0
187.0,0,4.1089,1.8167,24.69,0.8924,0,0,normal,0
188.0,0,4.1256,1.845,24.88,0.8925,0,0,normal,0
189.0,0,4.1225,1.7674,25.0,0.8925,0,0,normal,0
190.0,0,4.1079,1.7276,25.04,0.8926,0,0,normal,0
191.0,0,4.1139,1.755,24.54,0.8927,0,0,normal,0
192.0,0,4.1382,1.8668,24.91,0.8928,0,0,normal,0
193.0,0,4.0477,1.8182,24.65,0.8928,0,0,normal,0
194.0,0,4.0819,1.7853,25.23,0.8929,0,0,normal,0
195.0,0,4.0771,1.8999,24.78,0.893,0,0,normal,0
196.0,0,4.1486,1.8118,24.68,0.893,0,0,normal,0
197.0,0,4.1539,1.8125,24.56,0.8931,0,0,normal,0
198.0,0,4.0994,1.7359,24.91,0.8932,0,0,normal,0
199.0,0,4.114,1.8406,24.55,0.8932,0,0,normal,0
200.0,0,4.0939,1.8258,25.48,0.8933,0,0,normal,0
201.0,0,4.0936,1.7686,25.27,0.8934,0,0,normal,0
202.0,0,4.1194,1.8381,24.62,0.8934,0,0,normal,0
203.0,0,4.0826,1.8269,25.21,0.8935,0,0,normal,0
204.0,0,4.1217,1.7288,24.91,0.8936,0,0,normal,0
205.0,0,4.1283,1.7359,25.24,0.8936,0,0,normal,0
206.0,0,4.1461,1.7693,25.05,0.8937,0,0,normal,0
207.0,0,4.116,1.8016,25.01,0.8938,0,0,normal,0
208.0,0,4.0955,1.8236,25.08,0.8939,0,0,normal,0
209.0,0,4.082,1.8681,24.49,0.8939,0,0,normal,0
210.0,0,4.1716,1.8805,25.11,0.894,0,0,normal,0
211.0,0,4.1037,1.7032,25.16,0.8941,0,0,normal,0
212.0,0,4.082,1.7905,25.43,0.8941,0,0,normal,0
213.0,0,4.0718,1.8262,25.48,0.8942,0,0,normal,0
214.0,0,4.112,1.9026,25.18,0.8943,0,0,normal,0
215.0,0,4.1253,1.7929,24.78,0.8943,0,0,normal,0
216.0,0,4.0077,2.0831,29.88,0.8944,0,1,thermal_runaway_precursor,1
217.0,0,4.0774,2.0421,29.68,0.8945,0,1,thermal_runaway_precursor,1
218.0,0,4.0308,2.0676,28.68,0.8945,0,1,thermal_runaway_precursor,1
219.0,0,4.0427,2.0572,30.14,0.8946,0,1,thermal_runaway_precursor,1
220.0,0,4.0278,1.9787,29.72,0.8947,0,1,thermal_runaway_precursor,1
221.0,0,4.0156,2.095,30.18,0.8947,0,1,thermal_runaway_precursor,1
222.0,0,4.0272,2.0521,30.27,0.8948,0,1,thermal_runaway_precursor,1
223.0,0,4.0319,1.9411,30.48,0.8949,0,1,thermal_runaway_precursor,1
224.0,0,3.9952,2.0626,31.44,0.895,0,1,thermal_runaway_precursor,1
225.0,0,4.0896,2.0888,32.46,0.895,0,1,thermal_runaway_precursor,1
226.0,0,3.9615,2.1329,31.6,0.8951,0,1,thermal_runaway_precursor,1
227.0,0,4.0345,2.1402,32.0,0.8952,0,1,thermal_runaway_precursor,1
228.0,0,3.93,2.1962,32.61,0.8952,0,1,thermal_runaway_precursor,1
229.0,0,3.9595,2.2203,32.32,0.8953,0,1,thermal_runaway_precursor,1
230.0,0,3.953,2.2578,32.7,0.8954,0,1,thermal_runaway_precursor,1
231.0,0,3.965,2.0943,33.66,0.8954,0,1,thermal_runaway_precursor,1
232.0,0,3.9384,2.1003,33.86,0.8955,0,1,thermal_runaway_precursor,1
233.0,0,3.9875,2.2843,33.49,0.8956,0,1,thermal_runaway_precursor,1
234.0,0,3.9422,2.2326,34.43,0.8957,0,1,thermal_runaway_precursor,1
235.0,0,3.9095,2.2145,35.45,0.8957,0,1,thermal_runaway_precursor,1
236.0,0,3.9691,2.3362,34.73,0.8958,0,1,thermal_runaway_precursor,1
237.0,0,3.9225,2.2949,35.57,0.8959,0,1,thermal_runaway_precursor,1
238.0,0,3.8816,2.374,36.43,0.8959,0,1,thermal_runaway_precursor,1
239.0,0,3.9004,2.3995,36.7,0.896,0,1,thermal_runaway_precursor,1
240.0,0,3.9513,2.4968,36.28,0.8961,0,1,thermal_runaway_precursor,1
241.0,0,3.8953,2.3611,38.1,0.8961,0,1,thermal_runaway_precursor,1
242.0,0,3.8896,2.426,37.1,0.8962,0,1,thermal_runaway_precursor,1
243.0,0,3.885,2.4183,38.46,0.8963,0,1,thermal_runaway_precursor,1
244.0,0,3.882,2.5043,38.76,0.8964,0,1,thermal_runaway_precursor,1
245.0,0,3.9093,2.5659,39.04,0.8964,0,1,thermal_runaway_precursor,1
246.0,0,3.8359,2.4163,39.65,0.8965,0,1,thermal_runaway_precursor,1
247.0,0,3.8285,2.6183,39.64,0.8966,0,1,thermal_runaway_precursor,1
248.0,0,3.8746,2.5335,40.54,0.8966,0,1,thermal_runaway_precursor,1
249.0,0,3.8282,2.6322,40.07,0.8967,0,1,thermal_runaway_precursor,1
250.0,0,3.8617,2.5926,40.06,0.8968,0,1,thermal_runaway_precursor,1
251.0,0,3.9279,2.7168,42.1,0.8968,0,1,thermal_runaway_precursor,1
252.0,0,3.8772,2.5573,41.0,0.8969,0,1,thermal_runaway_precursor,1
253.0,0,3.8792,2.6543,41.65,0.897,0,1,thermal_runaway_precursor,1
254.0,0,3.8779,2.7131,41.78,0.897,0,1,thermal_runaway_precursor,1
255.0,0,3.8165,2.5064,42.27,0.8971,0,1,thermal_runaway_precursor,1
256.0,0,3.8556,2.5635,43.0,0.8972,0,1,thermal_runaway_precursor,1
257.0,0,3.8297,2.8211,42.99,0.8972,0,1,thermal_runaway_precursor,1
258.0,0,3.8574,2.7898,43.22,0.8973,0,1,thermal_runaway_precursor,1
259.0,0,3.7976,2.7573,42.21,0.8974,0,1,thermal_runaway_precursor,1
260.0,0,3.8015,2.7004,43.28,0.8975,0,1,thermal_runaway_precursor,1
261.0,0,3.8056,2.8078,43.6,0.8975,0,1,thermal_runaway_precursor,1
262.0,0,3.8067,2.7686,43.16,0.8976,0,1,thermal_runaway_precursor,1
263.0,0,3.7731,2.6952,43.45,0.8977,0,1,thermal_runaway_precursor,1
264.0,0,3.8249,2.7362,42.77,0.8977,0,1,thermal_runaway_precursor,1
265.0,0,3.808,2.7289,44.47,0.8978,0,1,thermal_runaway_precursor,1
266.0,0,3.7734,2.8075,44.27,0.8979,0,1,thermal_runaway_precursor,1
267.0,0,3.7775,2.6946,43.84,0.8979,0,1,thermal_runaway_precursor,1
268.0,0,3.8309,2.7844,44.16,0.898,0,1,thermal_runaway_precursor,1
269.0,0,3.7773,2.6661,43.72,0.8981,0,1,thermal_runaway_precursor,1
270.0,0,3.803,2.703,45.62,0.8982,0,1,thermal_runaway_precursor,1
271.0,0,3.7487,2.7441,44.69,0.8982,0,1,thermal_runaway_precursor,1
272.0,0,3.8369,2.7226,44.78,0.8983,0,1,thermal_runaway_precursor,1
273.0,0,3.8197,2.7203,44.53,0.8984,0,1,thermal_runaway_precursor,1
274.0,0,3.7666,2.6955,43.14,0.8984,0,1,thermal_runaway_precursor,1
275.0,0,3.7841,2.7911,44.28,0.8985,0,1,thermal_runaway_precursor,1
276.0,0,4.0458,1.8607,26.2,0.8986,0,0,normal,0
277.0,0,4.0842,1.8781,25.98,0.8986,0,0,normal,0
278.0,0,4.0924,1.7624,26.01,0.8987,0,0,normal,0
279.0,0,4.1586,1.8714,26.02,0.8988,0,0,normal,0
280.0,0,4.1131,1.8953,26.66,0.8988,0,0,normal,0
281.0,0,4.1176,1.7953,26.26,0.8989,0,0,normal,0
282.0,0,4.1324,1.9589,25.95,0.899,0,0,normal,0
283.0,0,4.1043,1.8484,26.02,0.899,0,0,normal,0
284.0,0,4.1143,1.8454,26.27,0.8991,0,0,normal,0
285.0,0,4.1229,1.8007,26.32,0.8992,0,0,normal,0
286.0,0,4.1331,1.7032,25.91,0.8993,0,0,normal,0
287.0,0,4.1146,1.7279,26.25,0.8993,0,0,normal,0
288.0,0,4.1361,1.7653,25.83,0.8994,0,0,normal,0
289.0,0,4.1005,1.7797,26.23,0.8995,0,0,normal,0
290.0,0,4.0893,1.8139,26.47,0.8995,0,0,normal,0
291.0,0,4.0675,1.8032,25.68,0.8996,0,0,normal,0
292.0,0,4.1094,1.7994,26.25,0.8997,0,0,normal,0
293.0,0,4.1207,1.7986,26.58,0.8997,0,0,normal,0
294.0,0,4.0869,1.7444,25.98,0.8998,0,0,normal,0
295.0,0,4.146,1.8144,26.19,0.8999,0,0,normal,0
296.0,0,4.0751,1.6749,26.08,0.9,0,0,normal,0
297.0,0,4.1056,1.7721,26.35,0.9,0,0,normal,0
298.0,0,4.1419,1.7844,26.15,0.9001,0,0,normal,0
299.0,0,4.1282,1.7569,25.91,0.9002,0,0,normal,0
300.0,0,4.1176,1.8195,26.33,0.9002,0,0,normal,0
301.0,0,4.0984,1.8794,27.01,0.9003,0,0,normal,0
302.0,0,4.0839,1.7887,26.42,0.9004,0,0,normal,0
303.0,0,4.0979,1.7462,26.53,0.9005,0,0,normal,0
304.0,0,4.0996,1.8278,26.72,0.9005,0,0,normal,0
305.0,0,4.1505,1.8579,26.6,0.9006,0,0,normal,0
306.0,0,4.0675,1.8682,26.35,0.9007,0,0,normal,0
307.0,0,4.1198,1.7566,26.29,0.9007,0,0,normal,0
308.0,0,4.1632,1.7917,26.42,0.9008,0,0,normal,0
309.0,0,4.1098,1.8207,26.51,0.9009,0,0,normal,0
310.0,0,4.1273,1.8003,26.85,0.9009,0,0,normal,0
311.0,0,4.1223,1.8824,26.69,0.901,0,0,normal,0
312.0,0,4.1152,1.7425,26.8,0.9011,0,0,normal,0
313.0,0,4.1207,1.8433,26.8,0.9011,0,0,normal,0
314.0,0,4.1459,1.8245,26.63,0.9012,0,0,normal,0
315.0,0,4.1252,1.7822,25.68,0.9013,0,0,normal,0
316.0,0,4.0249,1.8191,26.05,0.9014,0,0,normal,0
317.0,0,4.1281,1.8226,26.23,0.9014,0,0,normal,0
318.0,0,4.1516,1.7644,26.45,0.9015,0,0,normal,0
319.0,0,4.1144,1.9121,26.73,0.9016,0,0,normal,0
320.0,0,4.1184,1.8808,26.31,0.9016,0,0,normal,0
321.0,0,4.1161,1.7945,26.22,0.9017,0,0,normal,0
322.0,0,4.0986,1.7872,26.92,0.9018,0,0,normal,0
323.0,0,4.1099,1.8017,26.62,0.9018,0,0,normal,0
324.0,0,4.1322,1.8112,26.36,0.9019,0,0,normal,0
325.0,0,4.1458,1.7479,26.55,0.902,0,0,normal,0
326.0,0,4.1297,1.7292,26.82,0.9021,0,0,normal,0
327.0,0,4.1245,1.7235,26.92,0.9021,0,0,normal,0
328.0,0,4.1327,1.8187,26.29,0.9022,0,0,normal,0
329.0,0,4.1095,1.8166,26.58,0.9023,0,0,normal,0
330.0,0,4.1536,1.8435,27.27,0.9023,0,0,normal,0
331.0,0,4.1135,1.8657,26.85,0.9024,0,0,normal,0
332.0,0,4.1198,1.8383,26.79,0.9025,0,0,normal,0
333.0,0,4.1153,1.8412,26.55,0.9025,0,0,normal,0
334.0,0,4.134,1.7793,26.78,0.9026,0,0,normal,0
335.0,0,4.1342,1.817,26.68,0.9027,0,0,normal,0
336.0,0,4.1266,1.8378,26.43,0.9027,0,0,normal,0
337.0,0,4.104,1.8721,26.32,0.9028,0,0,normal,0
338.0,0,4.0935,1.7477,26.84,0.9029,0,0,normal,0
339.0,0,4.1099,1.7863,27.02,0.903,0,0,normal,0
340.0,0,4.1257,1.817,26.97,0.903,0,0,normal,0
341.0,0,4.0649,1.8308,26.75,0.9031,0,0,normal,0
342.0,0,4.1213,1.691,26.87,0.9032,0,0,normal,0
343.0,0,4.147,1.8523,26.94,0.9032,0,0,normal,0
344.0,0,4.131,1.775,26.73,0.9033,0,0,normal,0
345.0,0,4.1431,1.7999,26.74,0.9034,0,0,normal,0
346.0,0,4.1347,1.8403,26.63,0.9035,0,0,normal,0
347.0,0,4.1351,1.8487,26.96,0.9035,0,0,normal,0
348.0,0,4.0979,1.7619,26.78,0.9036,0,0,normal,0
349.0,0,4.0943,1.8271,27.08,0.9037,0,0,normal,0
350.0,0,4.1149,1.7379,26.99,0.9037,0,0,normal,0
351.0,0,4.082,1.9223,27.41,0.9038,0,0,normal,0
352.0,0,4.129,1.8075,27.02,0.9039,0,0,normal,0
353.0,0,4.1147,1.8222,27.43,0.9039,0,0,normal,0
354.0,0,4.1478,1.7772,26.81,0.904,0,0,normal,0
355.0,0,4.0924,1.797,27.15,0.9041,0,0,normal,0
356.0,0,4.1158,1.8723,26.97,0.9041,0,0,normal,0
357.0,0,4.1146,1.7443,26.56,0.9042,0,0,normal,0
358.0,0,4.1259,1.7544,27.45,0.9043,0,0,normal,0
359.0,0,4.1019,1.9405,27.49,0.9044,0,0,normal,0
360.0,0,4.1154,1.8122,27.2,0.9044,0,0,normal,0
361.0,0,4.1222,1.8031,26.96,0.9045,0,0,normal,0
362.0,0,4.0824,1.7301,27.29,0.9046,0,0,normal,0
363.0,0,4.105,1.7862,27.11,0.9046,0,0,normal,0
364.0,0,4.1234,1.8397,26.92,0.9047,0,0,normal,0
365.0,0,4.158,1.8613,27.28,0.9048,0,0,normal,0
366.0,0,4.1499,1.8487,27.48,0.9048,0,0,normal,0
367.0,0,4.1343,1.8307,27.31,0.9049,0,0,normal,0
368.0,0,4.1386,1.7451,26.76,0.905,0,0,normal,0
369.0,0,4.1534,1.7603,27.43,0.9051,0,0,normal,0
370.0,0,4.1118,1.8744,26.84,0.9051,0,0,normal,0
371.0,0,4.123,1.788,27.22,0.9052,0,0,normal,0
372.0,0,4.1101,1.8567,27.31,0.9053,0,0,normal,0
373.0,0,4.1326,1.7506,27.22,0.9053,0,0,normal,0
374.0,0,4.1152,1.7625,27.17,0.9054,0,0,normal,0
375.0,0,4.165,1.7865,27.21,0.9055,0,0,normal,0
376.0,0,4.0683,1.7878,26.98,0.9056,0,0,normal,0
377.0,0,4.1037,1.7868,27.68,0.9056,0,0,normal,0
378.0,0,4.153,1.7918,27.29,0.9057,0,0,normal,0
379.0,0,4.1185,1.8019,27.28,0.9058,0,0,normal,0
380.0,0,4.0611,1.8859,26.69,0.9058,0,0,normal,0
381.0,0,4.1218,1.7728,27.51,0.9059,0,0,normal,0
382.0,0,4.1108,1.8237,27.62,0.906,0,0,normal,0
383.0,0,4.1246,1.8515,27.61,0.906,0,0,normal,0
384.0,0,4.1068,1.8136,27.55,0.9061,0,0,normal,0
385.0,0,4.121,1.8055,27.79,0.9062,0,0,normal,0
386.0,0,4.0882,1.6775,27.0,0.9063,0,0,normal,0
387.0,0,4.1153,1.7818,26.92,0.9063,0,0,normal,0
388.0,0,4.1008,1.7507,28.12,0.9064,0,0,normal,0
389.0,0,4.1093,1.8901,27.28,0.9065,0,0,normal,0
390.0,0,4.0749,1.7425,27.37,0.9065,0,0,normal,0
391.0,0,4.1204,1.7501,26.93,0.9066,0,0,normal,0
392.0,0,4.1261,1.7619,27.53,0.9067,0,0,normal,0
393.0,0,4.0882,1.8209,27.69,0.9068,0,0,normal,0
394.0,0,4.1384,1.76,27.44,0.9068,0,0,normal,0
395.0,0,4.1153,1.7312,27.56,0.9069,0,0,normal,0
396.0,0,4.1177,1.8306,27.93,0.907,0,0,normal,0
397.0,0,4.1145,1.8504,27.7,0.907,0,0,normal,0
398.0,0,4.1691,1.8967,27.12,0.9071,0,0,normal,0
399.0,0,4.1601,1.7537,27.18,0.9072,0,0,normal,0
400.0,0,4.1113,1.7339,27.63,0.9073,0,0,normal,0
401.0,0,4.106,1.7949,27.32,0.9073,0,0,normal,0
402.0,0,4.101,1.7644,28.21,0.9074,0,0,normal,0
403.0,0,4.1442,1.8149,27.39,0.9075,0,0,normal,0
404.0,0,4.1048,1.7907,26.76,0.9075,0,0,normal,0
405.0,0,4.0786,1.7311,26.89,0.9076,0,0,normal,0
406.0,0,4.1569,1.7402,27.56,0.9077,0,0,normal,0
407.0,0,4.1316,1.8645,27.82,0.9078,0,0,normal,0
408.0,0,4.1367,1.755,27.81,0.9078,0,0,normal,0
409.0,0,4.1373,1.7712,27.77,0.9079,0,0,normal,0
410.0,0,4.0953,1.7725,27.26,0.908,0,0,normal,0
411.0,0,4.131,1.8043,27.39,0.908,0,0,normal,0
412.0,0,4.1372,1.8013,27.82,0.9081,0,0,normal,0
413.0,0,4.1534,1.8776,27.35,0.9082,0,0,normal,0
414.0,0,4.1081,1.8842,27.97,0.9082,0,0,normal,0
415.0,0,4.1128,1.8034,27.12,0.9083,0,0,normal,0
416.0,0,4.0844,1.7914,27.97,0.9084,0,0,normal,0
417.0,0,4.1018,1.8758,27.78,0.9085,0,0,normal,0
418.0,0,4.1084,1.7637,27.93,0.9085,0,0,normal,0
419.0,0,4.1669,1.7981,27.56,0.9086,0,0,normal,0
420.0,0,4.1099,2.6,27.96,0.9087,0,0,normal,0
421.0,0,4.1077,2.5276,27.69,0.9087,0,0,normal,0
422.0,0,4.126,2.5082,27.93,0.9088,0,0,normal,0
423.0,0,4.1464,2.5797,28.18,0.9088,0,0,normal,0
424.0,0,4.1184,2.5313,27.57,0.9089,0,0,normal,0
425.0,0,4.0937,2.5512,28.26,0.9089,0,0,normal,0
426.0,0,4.103,2.5682,28.14,0.909,0,0,normal,0
427.0,0,4.0606,2.4415,28.03,0.909,0,0,normal,0
428.0,0,4.1151,2.553,27.4,0.9091,0,0,normal,0
429.0,0,4.159,2.5488,28.06,0.9091,0,0,normal,0
430.0,0,4.0978,2.5585,27.7,0.9092,0,0,normal,0
431.0,0,4.1176,2.4435,28.08,0.9092,0,0,normal,0
432.0,0,4.0941,2.4712,27.49,0.9093,0,0,normal,0
433.0,0,4.1114,2.5017,27.23,0.9093,0,0,normal,0
434.0,0,4.1274,2.5807,27.79,0.9094,0,0,normal,0
435.0,0,4.1018,1.676,28.24,0.9094,0,0,normal,0
436.0,0,4.1184,1.6611,27.53,0.9095,0,0,normal,0
437.0,0,4.1067,1.8402,28.01,0.9096,0,0,normal,0
438.0,0,4.1698,1.8283,27.84,0.9097,0,0,normal,0
439.0,0,4.087,1.8188,28.27,0.9097,0,0,normal,0
440.0,0,4.1113,1.762,27.92,0.9098,0,0,normal,0
441.0,0,4.1319,1.7219,28.22,0.9099,0,0,normal,0
442.0,0,4.0847,1.8146,27.91,0.9099,0,0,normal,0
443.0,0,4.0771,1.8371,27.63,0.91,0,0,normal,0
444.0,0,4.1307,1.8438,28.09,0.9101,0,0,normal,0
445.0,0,4.1348,1.893,28.17,0.9102,0,0,normal,0
446.0,0,4.1169,1.9355,27.74,0.9102,0,0,normal,0
447.0,0,4.1356,1.8214,27.84,0.9103,0,0,normal,0
448.0,0,4.1839,1.7484,28.1,0.9104,0,0,normal,0
449.0,0,4.1488,1.7634,27.98,0.9104,0,0,normal,0
450.0,0,4.1396,1.7874,27.64,0.9105,0,0,normal,0
451.0,0,4.1728,1.8176,28.17,0.9106,0,0,normal,0
452.0,0,4.1131,1.7812,27.92,0.9106,0,0,normal,0
453.0,0,4.1163,1.7873,28.33,0.9107,0,0,normal,0
454.0,0,4.1488,1.7133,27.95,0.9108,0,0,normal,0
455.0,0,4.097,1.8188,28.47,0.9109,0,0,normal,0
456.0,0,4.1484,1.8623,27.63,0.9109,0,0,normal,0
457.0,0,4.135,1.8415,27.61,0.911,0,0,normal,0
458.0,0,4.1349,1.7988,28.27,0.9111,0,0,normal,0
459.0,0,4.133,1.8089,28.55,0.9111,0,0,normal,0
460.0,0,4.053,1.8613,28.03,0.9112,0,0,normal,0
461.0,0,4.0824,1.7918,28.16,0.9113,0,0,normal,0
462.0,0,4.0976,1.8624,28.24,0.9114,0,0,normal,0
463.0,0,4.1102,1.7542,28.59,0.9114,0,0,normal,0
464.0,0,4.1383,1.7729,27.6,0.9115,0,0,normal,0
465.0,0,4.1395,1.8931,28.12,0.9116,0,0,normal,0
466.0,0,4.0905,1.8288,28.54,0.9116,0,0,normal,0
467.0,0,4.1216,1.7838,28.04,0.9117,0,0,normal,0
468.0,0,4.1444,1.771,28.28,0.9118,0,0,normal,0
469.0,0,4.1257,1.8326,28.36,0.9119,0,0,normal,0
470.0,0,4.1828,1.7791,27.75,0.9119,0,0,normal,0
471.0,0,4.1596,1.863,27.97,0.912,0,0,normal,0
472.0,0,3.7771,3.0632,31.2,0.9121,0,1,internal_short_circuit,2
473.0,0,3.7767,2.9449,30.71,0.9121,0,1,internal_short_circuit,2
474.0,0,3.8022,2.9369,30.62,0.9122,0,1,internal_short_circuit,2
475.0,0,3.8179,2.9696,31.03,0.9123,0,1,internal_short_circuit,2
476.0,0,3.7979,2.9961,30.38,0.9124,0,1,internal_short_circuit,2
477.0,0,3.6824,3.0138,30.2,0.9124,0,1,internal_short_circuit,2
478.0,0,3.6957,3.0613,30.49,0.9125,0,1,internal_short_circuit,2
479.0,0,3.6486,2.9468,31.43,0.9126,0,1,internal_short_circuit,2
480.0,0,3.712,3.2419,30.96,0.9126,0,1,internal_short_circuit,2
481.0,0,3.7323,3.3485,31.42,0.9127,0,1,internal_short_circuit,2
482.0,0,3.634,3.4015,30.78,0.9128,0,1,internal_short_circuit,2
483.0,0,3.6357,3.4666,32.52,0.9129,0,1,internal_short_circuit,2
484.0,0,3.5573,3.3123,32.74,0.9129,0,1,internal_short_circuit,2
485.0,0,3.7086,3.4728,31.73,0.913,0,1,internal_short_circuit,2
486.0,0,3.636,3.5601,32.93,0.9131,0,1,internal_short_circuit,2
487.0,0,3.5306,3.578,32.18,0.9131,0,1,internal_short_circuit,2
488.0,0,3.5751,3.6515,32.63,0.9132,0,1,internal_short_circuit,2
489.0,0,3.4598,3.7504,32.12,0.9133,0,1,internal_short_circuit,2
490.0,0,3.6569,3.6722,33.61,0.9134,0,1,internal_short_circuit,2
491.0,0,3.5103,3.7111,33.86,0.9134,0,1,internal_short_circuit,2
492.0,0,3.3847,4.0685,33.33,0.9135,0,1,internal_short_circuit,2
493.0,0,3.4653,4.144,34.5,0.9136,0,1,internal_short_circuit,2
494.0,0,3.4182,4.1839,34.63,0.9136,0,1,internal_short_circuit,2
495.0,0,3.4728,4.2199,33.69,0.9137,0,1,internal_short_circuit,2
496.0,0,3.4844,4.1261,33.89,0.9138,0,1,internal_short_circuit,2
497.0,0,3.3193,4.3674,34.39,0.9139,0,1,internal_short_circuit,2
498.0,0,3.2275,4.319,34.96,0.9139,0,1,internal_short_circuit,2
499.0,0,3.3166,4.3994,34.74,0.914,0,1,internal_short_circuit,2
500.0,0,3.3362,4.6763,35.46,0.9141,0,1,internal_short_circuit,2
501.0,0,3.1784,4.68,36.01,0.9141,0,1,internal_short_circuit,2
502.0,0,3.2471,4.6304,36.1,0.9142,0,1,internal_short_circuit,2
503.0,0,3.2202,4.84,35.79,0.9143,0,1,internal_short_circuit,2
504.0,0,3.1577,4.871,36.39,0.9144,0,1,internal_short_circuit,2
505.0,0,3.17,5.0735,36.59,0.9144,0,1,internal_short_circuit,2
506.0,0,3.1079,4.8794,35.9,0.9145,0,1,internal_short_circuit,2
507.0,0,3.1375,5.0487,36.63,0.9146,0,1,internal_short_circuit,2
508.0,0,3.1047,5.1447,37.69,0.9147,0,1,internal_short_circuit,2
509.0,0,3.0663,5.3497,36.92,0.9147,0,1,internal_short_circuit,2
510.0,0,3.1405,5.1472,38.16,0.9148,0,1,internal_short_circuit,2
511.0,0,3.1076,5.1775,37.33,0.9149,0,1,internal_short_circuit,2
512.0,0,3.0057,5.5005,36.48,0.9149,0,1,internal_short_circuit,2
513.0,0,3.0668,5.3849,36.98,0.915,0,1,internal_short_circuit,2
514.0,0,3.0079,5.3739,38.2,0.9151,0,1,internal_short_circuit,2
515.0,0,2.9042,5.3785,37.24,0.9152,0,1,internal_short_circuit,2
516.0,0,3.0379,5.5574,37.06,0.9152,0,1,internal_short_circuit,2
517.0,0,3.036,5.5292,37.84,0.9153,0,1,internal_short_circuit,2
518.0,0,3.0839,5.3416,38.21,0.9154,0,1,internal_short_circuit,2
519.0,0,3.0123,5.5114,37.87,0.9154,0,1,internal_short_circuit,2
520.0,0,3.0054,5.5965,37.33,0.9155,0,1,internal_short_circuit,2
521.0,0,3.007,5.5433,37.89,0.9156,0,1,internal_short_circuit,2
522.0,0,2.9723,5.442,38.52,0.9157,0,1,internal_short_circuit,2
523.0,0,2.9432,5.5762,38.21,0.9157,0,1,internal_short_circuit,2
524.0,0,2.983,5.5834,37.82,0.9158,0,1,internal_short_circuit,2
525.0,0,2.927,5.5756,38.33,0.9159,0,1,internal_short_circuit,2
526.0,0,3.0019,5.5674,38.61,0.916,0,1,internal_short_circuit,2
527.0,0,2.9622,5.7088,38.52,0.916,0,1,internal_short_circuit,2
528.0,0,2.867,5.7599,37.43,0.9161,0,1,internal_short_circuit,2
529.0,0,2.9719,5.7377,38.2,0.9162,0,1,internal_short_circuit,2
530.0,0,2.9702,5.6015,38.31,0.9162,0,1,internal_short_circuit,2
531.0,0,2.9931,5.6531,39.11,0.9163,0,1,internal_short_circuit,2
532.0,0,4.1365,1.816,29.27,0.9164,0,0,normal,0
533.0,0,4.1306,1.7466,29.15,0.9165,0,0,normal,0
534.0,0,4.0941,1.8632,28.72,0.9165,0,0,normal,0
535.0,0,4.1424,1.8679,28.89,0.9166,0,0,normal,0
536.0,0,4.1217,1.7891,28.92,0.9167,0,0,normal,0
537.0,0,4.1303,1.7874,28.87,0.9168,0,0,normal,0
538.0,0,4.1452,1.7661,29.73,0.9168,0,0,normal,0
539.0,0,4.1412,1.7112,28.63,0.9169,0,0,normal,0
540.0,0,4.1319,1.8289,29.1,0.917,0,0,normal,0
541.0,0,4.1351,1.8588,29.22,0.917,0,0,normal,0
542.0,0,4.1736,1.6828,29.0,0.9171,0,0,normal,0
543.0,0,4.1,1.8539,28.65,0.9172,0,0,normal,0
544.0,0,4.1311,1.8073,28.99,0.9173,0,0,normal,0
545.0,0,4.0865,1.8542,29.21,0.9173,0,0,normal,0
546.0,0,4.1267,1.8004,28.48,0.9174,0,0,normal,0
547.0,0,4.071,1.8252,29.13,0.9175,0,0,normal,0
548.0,0,4.1347,1.7254,28.91,0.9175,0,0,normal,0
549.0,0,4.1263,1.8585,28.74,0.9176,0,0,normal,0
550.0,0,4.1644,1.7747,29.12,0.9177,0,0,normal,0
551.0,0,4.1266,1.7807,28.5,0.9178,0,0,normal,0
552.0,0,4.0878,1.8194,29.2,0.9178,0,0,normal,0
553.0,0,4.1918,1.8064,28.66,0.9179,0,0,normal,0
554.0,0,4.1774,1.7949,29.35,0.918,0,0,normal,0
555.0,0,4.1387,1.7652,29.0,0.9181,0,0,normal,0
556.0,0,4.1147,1.8141,28.99,0.9181,0,0,normal,0
557.0,0,4.1375,1.7201,29.16,0.9182,0,0,normal,0
558.0,0,4.0924,1.7886,29.33,0.9183,0,0,normal,0
559.0,0,4.1141,1.8182,28.95,0.9183,0,0,normal,0
560.0,0,4.1086,1.725,28.89,0.9184,0,0,normal,0
561.0,0,4.1156,1.8614,29.25,0.9185,0,0,normal,0
562.0,0,4.1396,1.7731,29.02,0.9186,0,0,normal,0
563.0,0,4.1187,1.8437,28.6,0.9186,0,0,normal,0
564.0,0,4.1211,1.7309,28.71,0.9187,0,0,normal,0
565.0,0,4.121,1.8205,29.8,0.9188,0,0,normal,0
566.0,0,4.14,1.7131,28.76,0.9189,0,0,normal,0
567.0,0,4.1372,1.7753,28.41,0.9189,0,0,normal,0
568.0,0,4.1806,1.8118,28.98,0.919,0,0,normal,0
569.0,0,4.1587,1.813,29.08,0.9191,0,0,normal,0
570.0,0,4.0771,1.771,29.33,0.9191,0,0,normal,0
571.0,0,4.1083,1.7943,29.18,0.9192,0,0,normal,0
572.0,0,4.1209,1.7708,29.33,0.9193,0,0,normal,0
573.0,0,4.1611,1.7331,28.74,0.9194,0,0,normal,0
574.0,0,4.1824,1.7669,29.51,0.9194,0,0,normal,0
575.0,0,4.1101,1.8049,29.02,0.9195,0,0,normal,0
576.0,0,4.1347,1.8037,29.16,0.9196,0,0,normal,0
577.0,0,4.1286,1.7985,28.76,0.9197,0,0,normal,0
578.0,0,4.1573,1.7742,28.79,0.9197,0,0,normal,0
579.0,0,4.1137,1.7905,29.24,0.9198,0,0,normal,0
580.0,0,4.1714,1.7806,29.37,0.9199,0,0,normal,0
581.0,0,4.1523,1.7344,29.0,0.9199,0,0,normal,0
582.0,0,4.1426,1.7712,29.09,0.92,0,0,normal,0
583.0,0,4.114,1.8446,29.06,0.9201,0,0,normal,0
584.0,0,4.1209,1.7672,29.58,0.9202,0,0,normal,0
585.0,0,4.1766,1.8314,29.94,0.9202,0,0,normal,0
586.0,0,4.1373,1.7485,28.92,0.9203,0,0,normal,0
587.0,0,4.1196,1.7611,28.96,0.9204,0,0,normal,0
588.0,0,4.1321,1.7474,28.92,0.9205,0,0,normal,0
589.0,0,4.1109,1.8421,30.14,0.9205,0,0,normal,0
590.0,0,4.137,1.7774,28.92,0.9206,0,0,normal,0
591.0,0,4.1611,1.8853,29.4,0.9207,0,0,normal,0
592.0,0,4.1415,1.7327,28.98,0.9207,0,0,normal,0
593.0,0,4.1537,1.8731,29.36,0.9208,0,0,normal,0
594.0,0,4.1129,1.6782,29.54,0.9209,0,0,normal,0
595.0,0,4.1616,1.8606,28.87,0.921,0,0,normal,0
596.0,0,4.1603,1.8151,28.86,0.921,0,0,normal,0
597.0,0,4.1421,1.7996,29.27,0.9211,0,0,normal,0
598.0,0,4.129,1.7074,29.27,0.9212,0,0,normal,0
599.0,0,4.1215,1.7926,29.25,0.9213,0,0,normal,0
600.0,0,4.1466,1.798,29.3,0.9213,0,0,normal,0
601.0,0,4.1382,1.7795,28.82,0.9214,0,0,normal,0
602.0,0,4.1351,1.8239,29.42,0.9215,0,0,normal,0
603.0,0,4.0859,1.848,28.82,0.9215,0,0,normal,0
604.0,0,4.1353,1.8137,29.47,0.9216,0,0,normal,0
605.0,0,4.1529,1.7769,29.71,0.9217,0,0,normal,0
606.0,0,4.1289,1.8242,28.8,0.9218,0,0,normal,0
607.0,0,4.1657,1.8385,29.64,0.9218,0,0,normal,0
608.0,0,4.1537,1.756,29.71,0.9219,0,0,normal,0
609.0,0,4.1126,1.8779,29.39,0.922,0,0,normal,0
610.0,0,4.1368,1.8374,29.13,0.9221,0,0,normal,0
611.0,0,4.1503,1.8207,29.5,0.9221,0,0,normal,0
612.0,0,4.1296,1.811,29.93,0.9222,0,0,normal,0
613.0,0,4.1226,1.755,29.5,0.9223,0,0,normal,0
614.0,0,4.0981,1.8439,29.11,0.9223,0,0,normal,0
615.0,0,4.1393,1.6981,29.17,0.9224,0,0,normal,0
616.0,0,4.1535,1.7808,29.33,0.9225,0,0,normal,0
617.0,0,4.1289,1.8116,29.73,0.9226,0,0,normal,0
618.0,0,4.1189,1.8238,29.48,0.9226,0,0,normal,0
619.0,0,4.1455,1.8522,29.12,0.9227,0,0,normal,0
620.0,0,4.109,1.8328,29.97,0.9228,0,0,normal,0
621.0,0,4.1431,1.8512,29.61,0.9229,0,0,normal,0
622.0,0,4.1541,1.7895,29.46,0.9229,0,0,normal,0
623.0,0,4.1586,1.8118,29.41,0.923,0,0,normal,0
624.0,0,4.1078,1.7692,29.26,0.9231,0,0,normal,0
625.0,0,4.1572,1.7086,30.13,0.9231,0,0,normal,0
626.0,0,4.0951,1.8713,29.82,0.9232,0,0,normal,0
627.0,0,4.1245,1.8711,29.64,0.9233,0,0,normal,0
628.0,0,4.146,1.6996,29.3,0.9234,0,0,normal,0
629.0,0,4.0982,1.81,29.79,0.9234,0,0,normal,0
630.0,0,4.1169,1.8512,29.29,0.9235,0,0,normal,0
631.0,0,4.1331,1.6922,29.46,0.9236,0,0,normal,0
632.0,0,4.1505,1.7224,29.51,0.9237,0,0,normal,0
633.0,0,4.1249,1.7462,29.98,0.9237,0,0,normal,0
634.0,0,4.1339,1.8301,29.85,0.9238,0,0,normal,0
635.0,0,4.1398,1.742,29.71,0.9239,0,0,normal,0
636.0,0,4.1493,1.7765,29.44,0.924,0,0,normal,0
637.0,0,4.1513,1.8255,28.81,0.924,0,0,normal,0
638.0,0,4.0607,1.8595,29.51,0.9241,0,0,normal,0
639.0,0,4.1292,1.8513,29.26,0.9242,0,0,normal,0
640.0,0,4.165,1.7453,29.13,0.9242,0,0,normal,0
641.0,0,4.1357,1.8564,29.36,0.9243,0,0,normal,0
642.0,0,4.1135,1.7708,29.98,0.9244,0,0,normal,0
643.0,0,4.0947,1.8366,29.61,0.9245,0,0,normal,0
644.0,0,4.1717,1.7568,29.34,0.9245,0,0,normal,0
645.0,0,4.1361,1.8802,29.4,0.9246,0,0,normal,0
646.0,0,4.1192,1.7661,29.37,0.9247,0,0,normal,0
647.0,0,4.1079,1.8047,29.11,0.9248,0,0,normal,0
648.0,0,4.094,1.781,29.55,0.9248,0,0,normal,0
649.0,0,4.1179,1.7545,30.38,0.9249,0,0,normal,0
650.0,0,4.1449,1.8028,29.25,0.925,0,0,normal,0
651.0,0,4.145,1.7673,29.49,0.925,0,0,normal,0
652.0,0,4.108,1.8454,29.72,0.9251,0,0,normal,0
653.0,0,4.1438,1.7707,29.62,0.9252,0,0,normal,0
654.0,0,4.1335,1.7865,29.6,0.9253,0,0,normal,0
655.0,0,4.1447,1.8243,29.8,0.9253,0,0,normal,0
656.0,0,4.1596,1.7785,29.76,0.9254,0,0,normal,0
657.0,0,4.1423,1.7847,30.35,0.9255,0,0,normal,0
658.0,0,4.16,1.733,29.28,0.9256,0,0,normal,0
659.0,0,4.1786,1.8109,30.0,0.9256,0,0,normal,0
660.0,0,4.1254,1.8085,29.87,0.9257,0,0,normal,0
661.0,0,4.1202,1.7874,29.79,0.9258,0,0,normal,0
662.0,0,4.1203,1.8099,29.64,0.9259,0,0,normal,0
663.0,0,4.1509,1.732,30.05,0.9259,0,0,normal,0
664.0,0,4.1637,1.8116,29.92,0.926,0,0,normal,0
665.0,0,4.1471,1.8196,29.88,0.9261,0,0,normal,0
666.0,0,4.1959,1.7735,29.77,0.9262,0,0,normal,0
667.0,0,4.1516,1.7667,29.99,0.9262,0,0,normal,0
668.0,0,4.1696,1.7298,29.9,0.9263,0,0,normal,0
669.0,0,4.171,1.7445,30.12,0.9264,0,0,normal,0
670.0,0,4.1859,1.7368,30.14,0.9265,0,0,normal,0
671.0,0,4.1801,1.7995,30.0,0.9265,0,0,normal,0
672.0,0,4.1239,1.7986,30.13,0.9266,0,0,normal,0
673.0,0,4.1403,1.8238,29.73,0.9267,0,0,normal,0
674.0,0,4.1386,1.8065,29.57,0.9267,0,0,normal,0
675.0,0,4.1562,1.7264,29.2,0.9268,0,0,normal,0
676.0,0,4.1285,1.8103,30.38,0.9269,0,0,normal,0
677.0,0,4.1577,1.7753,29.87,0.927,0,0,normal,0
678.0,0,4.1591,1.8057,29.86,0.927,0,0,normal,0
679.0,0,4.115,1.8498,30.1,0.9271,0,0,normal,0
680.0,0,4.1565,1.8461,30.59,0.9272,0,0,normal,0
681.0,0,4.1073,1.7618,29.73,0.9273,0,0,normal,0
682.0,0,4.1529,1.833,30.06,0.9273,0,0,normal,0
683.0,0,4.1614,1.7439,29.67,0.9274,0,0,normal,0
684.0,0,4.2115,1.8579,30.16,0.9275,0,0,normal,0
685.0,0,4.1284,1.8292,29.51,0.9275,0,0,normal,0
686.0,0,4.1146,1.7699,29.63,0.9276,0,0,normal,0
687.0,0,4.1465,1.8861,30.18,0.9277,0,0,normal,0
688.0,0,4.1375,1.7845,30.37,0.9278,0,0,normal,0
689.0,0,4.1548,1.7984,30.02,0.9278,0,0,normal,0
690.0,0,4.1068,1.7829,29.5,0.9279,0,0,normal,0
691.0,0,4.1434,1.7869,29.71,0.928,0,0,normal,0
692.0,0,4.1431,1.7983,29.46,0.9281,0,0,normal,0
693.0,0,4.1529,1.7542,30.23,0.9281,0,0,normal,0
694.0,0,4.147,1.7423,30.43,0.9282,0,0,normal,0
695.0,0,4.1388,1.8389,29.99,0.9283,0,0,normal,0
696.0,0,4.1544,1.7685,30.19,0.9284,0,0,normal,0
697.0,0,4.1448,1.8315,30.39,0.9284,0,0,normal,0
698.0,0,4.1617,1.8047,30.41,0.9285,0,0,normal,0
699.0,0,4.0978,1.7598,30.62,0.9286,0,0,normal,0
700.0,0,4.0992,1.8128,29.95,0.9287,0,0,normal,0
701.0,0,4.1346,1.8386,30.02,0.9287,0,0,normal,0
702.0,0,4.1149,1.87,29.94,0.9288,0,0,normal,0
703.0,0,4.1521,1.8106,30.33,0.9289,0,0,normal,0
704.0,0,4.1466,1.8456,30.34,0.9289,0,0,normal,0
705.0,0,4.1445,1.787,30.23,0.929,0,0,normal,0
706.0,0,4.1618,1.8108,30.37,0.9291,0,0,normal,0
707.0,0,4.1225,1.8022,30.24,0.9292,0,0,normal,0
708.0,0,4.1477,1.7986,30.88,0.9292,0,0,normal,0
709.0,0,4.154,1.7738,30.55,0.9293,0,0,normal,0
710.0,0,4.2013,1.8049,30.12,0.9294,0,0,normal,0
711.0,0,4.1228,1.8162,30.14,0.9295,0,0,normal,0
712.0,0,4.164,1.8124,30.35,0.9295,0,0,normal,0
713.0,0,4.1396,1.863,30.16,0.9296,0,0,normal,0
714.0,0,4.1504,1.9352,30.05,0.9297,0,0,normal,0
715.0,0,4.1204,1.7653,30.55,0.9297,0,0,normal,0
716.0,0,4.1469,1.7818,30.26,0.9298,0,0,normal,0
717.0,0,4.1216,1.8366,29.96,0.9299,0,0,normal,0
718.0,0,4.1583,1.8112,30.39,0.93,0,0,normal,0
719.0,0,4.1613,1.7595,30.08,0.93,0,0,normal,0
720.0,0,4.1206,1.7739,30.7,0.9301,0,0,normal,0
721.0,0,4.1582,1.8317,30.69,0.9302,0,0,normal,0
722.0,0,4.0983,1.9406,30.1,0.9303,0,0,normal,0
723.0,0,4.1232,1.7692,30.01,0.9303,0,0,normal,0
724.0,0,4.1138,1.785,30.44,0.9304,0,0,normal,0
725.0,0,4.156,1.8026,30.5,0.9305,0,0,normal,0
726.0,0,4.1341,1.8302,30.99,0.9306,0,0,normal,0
727.0,0,4.0973,1.8117,30.06,0.9306,0,0,normal,0
728.0,0,4.1464,1.713,30.33,0.9307,0,0,normal,0
729.0,0,4.195,1.7766,30.54,0.9308,0,0,normal,0
730.0,0,4.1203,1.8363,30.08,0.9309,0,0,normal,0
731.0,0,4.1487,1.8018,29.83,0.9309,0,0,normal,0
732.0,0,4.145,1.791,30.33,0.931,0,0,normal,0
733.0,0,4.1319,1.7593,30.35,0.9311,0,0,normal,0
734.0,0,4.1597,1.8045,30.73,0.9311,0,0,normal,0
735.0,0,4.1336,1.7853,30.55,0.9312,0,0,normal,0
736.0,0,4.1333,1.8305,30.66,0.9313,0,0,normal,0
737.0,0,4.1761,1.849,30.96,0.9314,0,0,normal,0
738.0,0,4.1461,1.7567,30.44,0.9314,0,0,normal,0
739.0,0,4.1288,1.7951,30.0,0.9315,0,0,normal,0
740.0,0,4.1257,1.8046,30.47,0.9316,0,0,normal,0
741.0,0,4.1184,1.7603,30.53,0.9317,0,0,normal,0
742.0,0,4.1595,1.8075,31.12,0.9317,0,0,normal,0
743.0,0,4.1571,1.8139,30.15,0.9318,0,0,normal,0
744.0,0,4.1862,1.7357,30.2,0.9319,0,0,normal,0
745.0,0,4.1454,1.7478,30.46,0.932,0,0,normal,0
746.0,0,4.1387,1.7549,30.86,0.932,0,0,normal,0
747.0,0,4.1115,1.7597,30.78,0.9321,0,0,normal,0
748.0,0,4.1296,1.8246,30.03,0.9322,0,0,normal,0
749.0,0,4.145,1.7628,30.86,0.9323,0,0,normal,0
750.0,0,4.1446,1.7482,30.72,0.9323,0,0,normal,0
751.0,0,4.174,1.6809,30.17,0.9324,0,0,normal,0
752.0,0,4.1517,1.8166,30.86,0.9325,0,0,normal,0
753.0,0,4.086,1.8275,30.3,0.9326,0,0,normal,0
754.0,0,4.141,1.8069,30.69,0.9326,0,0,normal,0
755.0,0,4.1605,1.8395,30.49,0.9327,0,0,normal,0
756.0,0,4.1366,1.7077,30.68,0.9328,0,0,normal,0
757.0,0,4.1631,1.7455,30.84,0.9329,0,0,normal,0
758.0,0,4.0696,1.8063,30.19,0.9329,0,0,normal,0
759.0,0,4.1308,1.8943,29.98,0.933,0,0,normal,0
760.0,0,4.1455,1.8618,30.92,0.9331,0,0,normal,0
761.0,0,4.1577,1.8138,30.7,0.9332,0,0,normal,0
762.0,0,4.2028,1.8349,30.89,0.9332,0,0,normal,0
763.0,0,4.1594,1.721,30.95,0.9333,0,0,normal,0
764.0,0,4.1348,1.8601,30.96,0.9334,0,0,normal,0
765.0,0,4.2101,1.8464,30.39,0.9334,0,0,normal,0
766.0,0,4.1397,1.7746,30.48,0.9335,0,0,normal,0
767.0,0,4.0787,1.7555,30.5,0.9336,0,0,normal,0
768.0,0,4.1343,1.8185,31.22,0.9337,0,0,normal,0
769.0,0,4.1793,1.8007,30.72,0.9337,0,0,normal,0
770.0,0,4.1533,1.8413,31.06,0.9338,0,0,normal,0
771.0,0,4.1595,1.8028,30.77,0.9339,0,0,normal,0
772.0,0,4.1576,1.7856,31.34,0.934,0,0,normal,0
773.0,0,4.1581,1.7865,31.05,0.934,0,0,normal,0
774.0,0,4.1465,1.857,29.96,0.9341,0,0,normal,0
775.0,0,4.0914,1.8258,31.13,0.9342,0,0,normal,0
776.0,0,4.1723,1.8085,30.42,0.9343,0,0,normal,0
777.0,0,4.1556,1.7224,30.69,0.9343,0,0,normal,0
778.0,0,4.1503,1.7754,31.54,0.9344,0,0,normal,0
779.0,0,4.1731,1.8417,30.97,0.9345,0,0,normal,0
780.0,0,4.1416,1.874,30.1,0.9346,0,0,normal,0
781.0,0,4.1683,1.7906,30.43,0.9346,0,0,normal,0
782.0,0,4.1308,1.7912,31.18,0.9347,0,0,normal,0
783.0,0,4.1635,1.8375,30.93,0.9348,0,0,normal,0
784.0,0,4.153,1.7981,30.39,0.9349,0,0,normal,0
785.0,0,4.1541,1.6907,30.85,0.9349,0,0,normal,0
786.0,0,4.1863,1.8605,31.23,0.935,0,0,normal,0
787.0,0,4.1405,1.7501,30.91,0.9351,0,0,normal,0
788.0,0,4.1828,1.9266,31.11,0.9351,0,0,normal,0
789.0,0,4.1267,1.7806,31.02,0.9352,0,0,normal,0
790.0,0,4.1436,1.745,30.75,0.9353,0,0,normal,0
791.0,0,4.1381,1.8796,30.06,0.9354,0,0,normal,0
792.0,0,4.1306,1.8252,30.81,0.9354,0,0,normal,0
793.0,0,4.1419,1.7957,31.04,0.9355,0,0,normal,0
794.0,0,4.1374,1.7234,31.02,0.9356,0,0,normal,0
795.0,0,4.1092,1.7693,31.02,0.9357,0,0,normal,0
796.0,0,4.1466,1.8562,30.24,0.9357,0,0,normal,0
797.0,0,4.1067,1.8353,30.92,0.9358,0,0,normal,0
798.0,0,4.1209,1.7556,30.7,0.9359,0,0,normal,0
799.0,0,4.1332,1.7908,31.02,0.936,0,0,normal,0
800.0,0,4.1741,1.7777,30.93,0.936,0,0,normal,0
801.0,0,4.1283,1.7651,30.36,0.9361,0,0,normal,0
802.0,0,4.1401,1.8145,30.15,0.9362,0,0,normal,0
803.0,0,4.1274,1.7732,31.34,0.9363,0,0,normal,0
804.0,0,4.1151,1.7149,31.21,0.9363,0,0,normal,0
805.0,0,4.1295,1.8678,30.69,0.9364,0,0,normal,0
806.0,0,4.0908,1.8308,30.33,0.9365,0,0,normal,0
807.0,0,4.1887,1.786,30.76,0.9366,0,0,normal,0
808.0,0,4.178,1.805,31.53,0.9366,0,0,normal,0
809.0,0,4.1499,1.7712,31.45,0.9367,0,0,normal,0
810.0,0,4.1771,1.7239,30.61,0.9368,0,0,normal,0
811.0,0,4.1437,1.8051,30.63,0.9369,0,0,normal,0
812.0,0,4.1579,1.7508,31.23,0.9369,0,0,normal,0
813.0,0,4.1519,1.7935,31.1,0.937,0,0,normal,0
814.0,0,4.1696,1.7514,31.18,0.9371,0,0,normal,0
815.0,0,4.1382,1.9302,30.81,0.9372,0,0,normal,0
816.0,0,4.17,1.8384,30.79,0.9372,0,0,normal,0
817.0,0,4.1643,1.7798,30.71,0.9373,0,0,normal,0
818.0,0,4.153,1.7795,31.26,0.9374,0,0,normal,0
819.0,0,4.105,1.7698,30.4,0.9375,0,0,normal,0
820.0,0,4.119,1.737,30.93,0.9375,0,0,normal,0
821.0,0,4.1342,1.7406,30.75,0.9376,0,0,normal,0
822.0,0,4.1842,1.778,31.19,0.9377,0,0,normal,0
823.0,0,4.1392,1.8008,30.87,0.9378,0,0,normal,0
824.0,0,4.1651,1.8164,30.73,0.9378,0,0,normal,0
825.0,0,4.1001,1.8018,31.07,0.9379,0,0,normal,0
826.0,0,4.1432,1.8381,31.56,0.938,0,0,normal,0
827.0,0,4.1573,1.7559,31.01,0.9381,0,0,normal,0
828.0,0,4.1483,1.795,31.06,0.9381,0,0,normal,0
829.0,0,4.1848,1.8424,31.03,0.9382,0,0,normal,0
830.0,0,4.1329,1.8408,31.27,0.9383,0,0,normal,0
831.0,0,4.1793,1.7619,31.71,0.9384,0,0,normal,0
832.0,0,4.0967,1.7939,30.89,0.9384,0,0,normal,0
833.0,0,4.164,1.8616,31.13,0.9385,0,0,normal,0
834.0,0,4.1626,1.8504,31.43,0.9386,0,0,normal,0
835.0,0,4.1887,1.846,31.18,0.9387,0,0,normal,0
836.0,0,4.143,1.8453,30.9,0.9387,0,0,normal,0
837.0,0,4.1554,1.8853,31.32,0.9388,0,0,normal,0
838.0,0,4.137,1.8062,31.09,0.9389,0,0,normal,0
839.0,0,4.1643,1.8718,30.58,0.9389,0,0,normal,0
840.0,0,4.1817,2.5392,31.04,0.939,0,0,normal,0
841.0,0,4.1861,2.46,31.31,0.9391,0,0,normal,0
842.0,0,4.1278,2.5465,31.44,0.9391,0,0,normal,0
843.0,0,4.1663,2.5229,31.28,0.9392,0,0,normal,0
844.0,0,4.1405,2.5622,31.07,0.9392,0,0,normal,0
845.0,0,4.1145,2.6023,30.64,0.9393,0,0,normal,0
846.0,0,4.1524,2.5807,31.28,0.9393,0,0,normal,0
847.0,0,4.1288,2.5704,31.38,0.9394,0,0,normal,0
848.0,0,4.1252,2.5477,31.06,0.9394,0,0,normal,0
849.0,0,4.0919,2.651,31.31,0.9395,0,0,normal,0
850.0,0,4.1364,2.466,31.03,0.9395,0,0,normal,0
851.0,0,4.1493,2.4457,31.05,0.9396,0,0,normal,0
852.0,0,4.1606,2.445,31.6,0.9396,0,0,normal,0
853.0,0,4.145,2.6245,31.19,0.9397,0,0,normal,0
854.0,0,4.1783,2.6164,31.53,0.9398,0,0,normal,0
855.0,0,4.1586,1.7529,31.32,0.9398,0,0,normal,0
856.0,0,4.1663,1.7095,31.88,0.9399,0,0,normal,0
857.0,0,4.189,1.832,31.26,0.94,0,0,normal,0
858.0,0,4.1625,1.7963,30.97,0.9401,0,0,normal,0
859.0,0,4.1856,1.7518,31.63,0.9401,0,0,normal,0
860.0,0,4.1782,1.7504,31.2,0.9402,0,0,normal,0
861.0,0,4.1643,1.817,31.53,0.9403,0,0,normal,0
862.0,0,4.1883,1.8041,31.33,0.9404,0,0,normal,0
863.0,0,4.1318,1.8312,31.89,0.9404,0,0,normal,0
864.0,0,4.1706,1.8235,30.76,0.9405,0,0,normal,0
865.0,0,4.1851,1.7589,31.34,0.9406,0,0,normal,0
866.0,0,4.1813,1.7043,31.09,0.9407,0,0,normal,0
867.0,0,4.1499,1.8706,31.32,0.9407,0,0,normal,0
868.0,0,4.13,1.8589,30.97,0.9408,0,0,normal,0
869.0,0,4.1745,1.7902,30.88,0.9409,0,0,normal,0
870.0,0,4.176,1.7166,31.1,0.941,0,0,normal,0
871.0,0,4.1077,1.7804,31.08,0.941,0,0,normal,0
872.0,0,4.1771,1.7996,31.06,0.9411,0,0,normal,0
873.0,0,4.1351,1.8829,31.09,0.9412,0,0,normal,0
874.0,0,4.1577,1.8769,31.14,0.9413,0,0,normal,0
875.0,0,4.188,1.7922,31.75,0.9413,0,0,normal,0
876.0,0,4.1539,1.7592,31.34,0.9414,0,0,normal,0
877.0,0,4.1538,1.7507,31.32,0.9415,0,0,normal,0
878.0,0,4.1833,1.857,31.23,0.9416,0,0,normal,0
879.0,0,4.1711,1.7893,31.16,0.9416,0,0,normal,0
880.0,0,4.1516,1.8294,31.05,0.9417,0,0,normal,0
881.0,0,4.1916,1.7522,31.3,0.9418,0,0,normal,0
882.0,0,4.14,1.882,31.44,0.9419,0,0,normal,0
883.0,0,4.1258,1.9196,30.79,0.9419,0,0,normal,0
884.0,0,4.1327,1.8643,31.36,0.942,0,0,normal,0
885.0,0,4.162,1.7707,31.08,0.9421,0,0,normal,0
886.0,0,4.1662,1.791,31.07,0.9421,0,0,normal,0
887.0,0,4.1469,1.765,30.95,0.9422,0,0,normal,0
888.0,0,4.1583,1.7789,31.27,0.9423,0,0,normal,0
889.0,0,4.1548,1.7864,31.2,0.9424,0,0,normal,0
890.0,0,4.1903,1.8346,31.26,0.9424,0,0,normal,0
891.0,0,4.1487,1.8243,31.51,0.9425,0,0,normal,0
892.0,0,4.1664,1.8783,30.88,0.9426,0,0,normal,0
893.0,0,4.1856,1.8227,31.35,0.9427,0,0,normal,0
894.0,0,4.1371,1.8498,30.97,0.9427,0,0,normal,0
895.0,0,4.1114,1.8071,31.35,0.9428,0,0,normal,0
896.0,0,4.1065,1.8643,31.05,0.9429,0,0,normal,0
897.0,0,4.155,1.7484,31.33,0.943,0,0,normal,0
898.0,0,4.1781,1.87,31.59,0.943,0,0,normal,0
899.0,0,4.1654,1.8073,31.19,0.9431,0,0,normal,0
